instruction,(製品の)使用書、指示、教育
vague,あいまいな、不明確な
ministry,省
evidence,証拠、根拠、証言
via,～の手段によって、～経由で
blast,爆発、爆破、突風
due,支払期日になって、（当然）支払われる（べき）
bill,請求書、法案、紙幣
previously,以前に
thaw,解凍される、溶ける
concede,（しぶしぶ）…と認める
encounter,に遭遇する
disregard,を無視する、を軽視する
ruin,を台無しにする、を駄目にする
ecosystem,生態系
contaminate,を汚染させる、を汚す、を堕落させる
shame,残念［遺憾］なこと、恥、不名誉
vehicle,車、（特に陸上の）乗り物、輸送機関、伝達手段
enhance,を増す、を高める
construct,(建物など)を建設する、(機械など)を組み立てる
critical,批判的な、重大な
manufacture,を（大量に）生産［製造］する
infrastructure,インフラ、基本的施設、経済基盤
reinforce,を補強する、を強化する
intense,極度の、激しい
misleading,誤解させる、紛らわしい
assistance,援助、支援
criminal,犯人、犯罪者
intend,～することを意図する
exceed,を超える、に勝る
tax,税金、税
chief,主な、最高位の
candidate,候補者、志願者
hinder,を妨げる、を邪魔する
fusion,融合（物）、（政党などの）連立
ensure,…ということを確実にする、を保証する
exhale,（息・煙・言葉など）を吐き出す
sufficient,十分な
despite,～にもかかわらず
cholesterol,コレステロール
occur,（予期しない出来事が）起こる
nest,（鳥の）巣
curse,呪い、呪文、ののしり言葉
cruel,残酷な
specific,明確な、特定の
habitat,（動植物の）生息場所、（人の）居住地
overlap,（時間などが）一部かち合う、部分的に重複［共通］する
excel,優れている、に勝る
pose,（問題など）を引き起こす、を提起する
justice,正義、公正、司法、裁判
diagram,図（表）、グラフ
aside,脇に、別にして、考慮に入れないで
fragile,壊れやすい、もろい
signature,署名、サイン
facilitate,を促進する、を容易にする
consecutive,連続した
stroll,ぶらぶら歩く、散歩する
combat,を撲滅しようとする、と交戦する
drag,を引きずる
resident,居住者
sturdy,頑丈な、たくましい、不屈の
massive,大量の、大規模な、巨大な
swell,増大する、腫れる
fare,（乗り物の）運賃、料金
civilization,文明
supply,生活必需品、供給、支給
counterfeit,偽造の、偽の
employment,雇用、職
atmosphere,雰囲気、大気（圏）
fragment,破片、かけら
inspire,に創造的刺激を与える、を奮起させる
generous,気前のよい、寛大な
pledge,を誓う、を誓約する
withstand,に耐える、に逆らう
downfall,破滅、転落、（雨・雪などの）大降り
autonomous,自治の、自主的な
mold,カビ
horizontal,水平な
monopoly,（商品・事業などの）独占、独占権
removal,除去、移動
postpone,を延期する
conventional,伝統的な、型にはまった
likelihood,可能性、見込み
imply,…と暗に示す、をほのめかす
decode,（暗号・符号）を解読する
dioxide,二酸化物
narrative,話、物語
typically,通常、概して、典型的に
rebel,反抗する、反逆する
measure,措置、程度、基準
overdo,を使い過ぎる、をやり過ぎる
shallow,浅薄な、浅い
collision,衝突、対立
underestimate,を過小評価する
gently,優しく、静かに
labor,労働、労働力
barrier,障害（物）、障壁
endeavor,～しようと（懸命に）努力する、を（真剣に）試みる
dictate,を命令する、を決定づける、を書き取らせる
quantity,分量、量
prove,であることがわかる、と判明する、を証明する
crucial,重大な、決定的な
sociology,社会学
circuit,周回すること、回路、巡回
diameter,直径
victim,被害者、（病気・事故などの）犠牲者
session,会議、集会、会期
infant,幼児、乳児
penetrate,を貫く、の内部に入る、に浸透する
ancestor,先祖、祖先
weapon,兵器、武器
disgust,嫌悪、反感
gross,総計の、全体の
token,（気持ちなどの）しるし、記念品
simplify,を簡単にする
verify,の正しさを確認する、を実証する
swarm,大群
obstacle,障害（物）
ecologist,生態学者、環境保護論者
remarkable,…と述べる
roam,歩き回る、放浪する
weed,雑草、草
biased,偏った、偏見を持った
engage,を従事させる、を引きつける、を雇う
mandatory,義務的な、強制的な、命令の
legally,法的に、合法的に
overthrow,（政府・体制など）を打倒する
scheme,計画、陰謀
coverage,入江、小湾
depth,深さ、深み
description,描写、説明
awful,ひどい、不愉快な
spontaneous,自然発生的な、自発的な
administer,を管理する、を経営する、を治める、（治療）を施す
exile,（国外）追放、（国外）追放者、亡命者
buzz,（場所が）ざわつく、どよめく
demonstrate,を実演してみせる、を論証［証明］する
import,を輸入する
guidance,指導、案内
solid,確実な、固体の、頑丈な
injury,傷害、けが
quote,が～を述べたと伝える、を引用する
deceive,をだます
outrageous,法外な、途方もない、けしからぬ
commit,（罪・過失など）を犯す、を委託する
termite,シロアリ
invisible,見えない
loyal,忠実な
graphic,図、挿絵
funeral,葬式
stroke,脳卒中、（強い）発作、（武器などで）打つこと
acoustic,音響（学）の、聴覚の
scan,をざっと見る、を注意深く眺め回す
underground,地下の、秘密の
artificial,人工の、不自然な
promotion,昇進、促進、販売促進
intensive,集中的な、徹底的な
domestic,国内の、家庭の
participation,参加
transparent,透明な、見えすいた
refund,返金、払い戻し（金）
enterprise,事業、企業
coincidence,偶然の一致
upbringing,（子供の）養育、しつけ
urgent,緊急の、切迫した
premature,早過ぎる、（判断などが）早まった
primarily,主として、初めに
solitary,ひとりの、孤独の
wither,（植物などが）しおれる
commendable,賞賛されるべき、立派な
replicate,（同一実験など）を繰り返す、を複製する
counterpart,対応［相当］する人［もの］
diploma,卒業［修了］証書、（学位・資格の）証明書
coastal,沿岸（地方）の
suppress,(思い・感情など)を抑える、(暴動など)を制圧する
enclose,を取り囲む、（封筒などに）を同封する
reject,を拒絶する、を拒否する
theft,盗み、窃盗
memorable,忘れられない、記憶すべき
treasure,宝物、貴重品
dehydration,脱水（症状）
diet,(日常の)食べ物、療養食
direct,を案内する、を指揮する
obstruct,をふさぐ、を妨害する
operate,（機械など）を動かす、を運営する
eruption,勃発、噴火
income,所得、収入
inactive,不活発な、停止中の
inhale,を吸い込む
insistent,強く主張する、執拗な
impose,（規則・税・罰金など）を課［科］す、を押し付ける
faulty,（機械・装置などが）欠陥のある
grumble,不平を述べる
sue,を訴える、を告訴する
consume,を消費する、を使い果たす
doubtful,（物・事が）疑わしい、（人が）疑わしく思う
archive,（文書など）を保管する
industrial,産業の、工業の
heritage,遺産、相続財産
resent,に憤慨する
transportation,交通［輸送］機関、輸送
perspective,観点、見通し、遠近画法
drastic,思い切った、徹底的な
charitable,慈善の、慈悲深い
strategy,戦略、策略
fossil,化石、時代遅れの人［もの］
permanently,永遠に、いつも
application,申請書、申し込み、適用
restrict,(大きさ・数量・範囲など)を制限する
ransom,身代金、（身代金などによる）解放
globalization,グローバル化
workforce,総従業員、（１国・１産業などの）労働人口
spectacle,（印象的な）光景、壮観、見もの
artifact,人工遺物、工芸品
lightning,雷、稲妻
involvement,関与、巻き込まれること
amend,を改正する、を修正する
custody,親権、保護、管理、拘留
altogether,完全に
root,根本、源、（植物の）根
refusal,拒否、拒絶
reliable,信頼できる
problematic,問題のある、疑わしい
subsequently,その後、続いて
excerpt,抜粋、引用
scenic,景色の良い
tease,をからかう、をいじめる
mercy,慈悲
recurrent,（周期的に）繰り返される、（病気などが）再発する
ascend,（を）登る、上がる
consistent,着実な、安定した、首尾一貫した
protective,保護する、守ろうとする
decay,虫歯になる、腐る、衰退する
headquarters,本社、（軍、警察、会社などの）本部
creativity,創造性、独創力
tuition,授業料、（個人）指導
departure,出発
option,選択肢、選択（の自由）
riddle,なぞなぞ、不可解な人［もの、事実］
glance,ちらりと見る
literacy,（特定分野の）知識、技能、読み書きの能力
bait,誘惑物、（釣り針・わなにつける）餌
territory,領土、領地
physics,物理学
coarse,粗い、粗野な
imbalance,不均衡、アンバランス
luxury,ぜいたく（品）
access,接近（の手段）、利用の機会
oppose,に反対する
resort,訴える、頼る
apparently,(真偽のほどはともかく)聞いた[見た]ところでは、どうやら
circumstance,状況、事情
prevention,予防、防止、妨害
persistent,執拗な、固執する、持続する
illogical,筋の通らない、不合理な
facility,施設、機能、才能
site,用地、場所、遺跡
stance,立場、対処の姿勢
methodology,方法論、研究方法
jail,を投獄［拘置］する
nutritious,栄養になる
stumble,つまずく、よろめきながら歩く
hygiene,衛生（状態）、清潔
slight,（量、程度などが）わずかな
botanical,植物の、植物学（上）の
undergraduate,大学生
former,以前の、元の、前者
align,を一直線に並べる
stir,（騒ぎなど）を引き起こす、（液体など）をかき回す
gossip,うわさ話をする
harmless,害のない
settlement,開拓地、解決、合意
regard,を見なす
coalition,連立、合同
plantation,(熱帯・亜熱帯の)(大)農園
consult,に相談する、（辞書など）を調べる
advanced,進歩した、前進した、上級の
define,を定義する、を明確に示す
stem,（草木の）茎
mean,意地の悪い、不親切な
elaborate,精巧な、入念な
arise,起こる、出現する
magnify,を拡大する、を誇張する
wound,傷、負傷
stray,迷い出る、（考えなどが）わきへそれる
sensory,感覚の、知覚の
predator,捕食動物、略奪者
initiate,を新たに始める
rubber,ゴム、ゴム製品
exert,を行使する、努力する
steady,着実な、一定した、固定された
valid,法的に有効な、理にかなった
portray,（絵・写真などで）を描写する
infect,（人）を感染させる、を汚染する
administration,管理、政府
outsource,を外注する、を業務委託する
superior,優れている、勝っている
janitor,（アパート・ビル・学校などの）用務員、管理人
converge,集まる、集中する
adjust,を調節する、順応する
syndrome,症候群、シンドローム
virtually,ほとんど、実質的に
latter,後半の、後の方の、後者の
disprove,の誤りを証明する、の反証を挙げる
pregnant,妊娠した
otherwise,そうでなければ、そのほかの点では
collaboration,合作、共同、協力
corporation,大企業、株式会社
deceptive,人を惑わすような
livestock,（牛・羊・豚などの）家畜（類）
temper,（一時的な）機嫌、怒り、（特に怒りっぽい）気質
additional,追加の、付加的な
personnel,職員、人員、人事課
barn,家畜小屋、（農家の）納屋
dominate,を支配する、優勢である
authentic,本物の、真正の
conservative,保守的な
vote,投票する、を投票で決める
encouraging,勇気づける、望みを持たせる
friction,不和、摩擦
fracture,骨折、割れ目、裂け目
chemical,化学薬品[物質]、薬物
alternate,（2つの状態の間を）行き来する、交互に起こる
recipient,受取人、（臓器などを提供者から）受ける人
uncertain,はっきりわからない、（人が）革新がない
behavioral,行動の
indicate,を指し示す
scold,（特に子供）をしかる
stern,（顔つきなどが）いかめしい、厳格な
storage,保管、貯蔵（法）、収容力
sequel,続編、結果
falsify,を偽造する
nutrition,栄養（物）
horrible,実にひどい、ぞっとする
intake,摂取量、（空気、水などの）取り入れ
insight,見識、洞察力
literally,文字どおり、まさしく
affect,に影響を及ぼす
reception,歓迎会、受付、（テレビなどの）受信状態
load,（車・飛行機・船など）に積む
nod,（頭）を軽く下げる、うなずく
completion,完了、完成
deliberately,故意に、慎重に
chatter,くだらないおしゃべり
generate,を発生させる、を引き起こす
mutual,相互の
economist,経済学者
furious,激怒した
reduction,減少、削減
structure,建造物、構造
trivial,取るに足りない
democratic,民主主義の、民主的な
depict,を描く、を描写する
geometry,幾何学
isolated,孤立した、孤独な
revenue,（国・自治体の）歳入、収益、（定期）収入
distinguish,区別する、を区別する
satisfaction,満足
launch,を売り出す、を開始する、（ロケットなどを）発射する
deduct,を控除する、を減じる
resource,資源、資金、財産
errand,（人の）使い、用足し
limited,限定された、わずかの
resolve,（問題など）を解決する、を決意する
appearance,外観、出現
agricultural,農業の、農耕の
fortune,財産、幸運、運命
irresponsible,無責任な
target,を目標［対象］とする
uniquely,比類なく、独特に
admit,…と（しぶしぶ）認める、を中に入れる
sensitive,敏感な、傷つきやすい
workplace,職場
impressive,印象的な、感動的な
enable,（人）に～できるようにする
subscription,予約購読（料）、寄付（金）
alternative,代替の、どちらか一方の
interrupt,（人の話・行動など）を妨げる、を中断する
present,を提示する、を進呈する
institution,機関、施設、慣習
attain,を獲得する、を達成する
revive,を生き返らせる、を復活させる
detour,迂回（路）、回り道
app,アプリ
celebrity,有名人、著名人
toll,（災害・戦争・病気などによる）損失、死傷者数、（道路などの）使用[通行]料金
genuine,本物の
leftover,（特に食事の）残りもの
conquest,征服、（欠点・課題などの）克服
blockage,（港湾などの）封鎖、経済［通信］封鎖
fake,偽の、偽造の
opt,選ぶ
asteroid,小惑星
legitimate,合法的な、もっともな
CEO,最高経営責任者
register,を登録する、を示す、名前を登録する
tense,緊迫した、緊張した
consequently,その結果（として）、従って
escort,を護衛［護送］する、に付き添う
makeup,構成、構造、化粧
blister,水ぶくれ
tempt,を誘惑する、を引きつける
minimum,最低限
endorse,を推奨する、を是認する、を支持する
lenient,寛大な
skeleton,骨格、骸骨、（建物などの）骨組み
foundation,基礎、基盤
grain,穀物、穀類
lean,傾く、寄りかかる
cherish,を大事[大切]にする、をいつくしむ
climatic,気候（上）の、風土の
diminish,減少する、を減じる
attractive,魅力的な
amuse,を楽しませる
preserve,を保護する
consequence,結果、重要さ
humble,謙虚な、地位［身分］などが低い
curve,カーブする、曲がる
supervisor,監督者、管理者
presume,を～であると推定する、と推定する
abundant,豊富な
claim,…と主張する[言い張る]、を要求する
unfamiliar,（人が）不慣れな、精通していない、（物事が）よく知られていない
briefly,少しの間、簡潔に
allege,（証拠なしに）…と主張する
intimate,（場所・状況が）くつろげる、心地よい、（人が）親しい、親密な
reputation,評判、名声
ecological,環境の、生態（学）の
maintenance,保守、整備、維持
convey,を伝える、を運ぶ
sculpture,彫像、彫刻
edge,優勢、刃、端
chart,グラフ、図、図表
definitely,間違いなく、確かに
lawn,芝生
famine,飢饉
leisure,自由な時間、余暇
stare,じっと見つめる
fictitious,架空の、偽りの
range,範囲、領域
advocate,を主張する、を弁護する
suck,（指・あめなど）をなめる、（液体など）を吸う
stereotype,固定観念、ステレオタイプ
geological,地質（学）上の
moderate,中くらいの、適度な、穏健派の
attachment,添付ファイル、添付書類
revolt,暴動［反乱］を起こす、をむかむかさせる
reflect,を反映する、を反射する、を熟考する
anxiety,不安、心配
tariff,関税
recognition,（人・物が）それと分かること、認めること、認識
sneak,こっそり動く
fund,資金、現金
curious,好奇心の強い、詮索好きな
fulfill,（約束・任務など）を果たす、（条件・要求など）を満たす
emerge,明らかになる、現れる
notably,とりわけ
wander,（当てもなく）歩き回る、ぶらつく
archaeologist,考古学者
equator,赤道
destruction,破壊、破滅
enormous,並外れた、莫大な
indefinite,限定されない、不定の、はっきりしない
last,続く、継続する、(天候・体力・食品などが）持ちこたえる、長持ちする
physician,内科医、医師
tighten,を固く締める、を強化する
widespread,広範囲にわたる
basis,根拠、基礎
burden,負担、重荷、荷物
surrounding,周囲の状況、環境
standby,（いざというとき）頼りになるもの［人］、交代要員
checkup,健康診断、検査
commission,代理手数料、歩合、委員会
surgeon,外科医
secretary,秘書
strive,懸命に努力する
maternity,妊産婦の、母であること
federal,連邦政府の、米国（政府）の
applaud,に拍手する、を賞賛する
adolescent,青年期の人
pedestrian,歩行者
wholly,完全に、全く
resist,に抵抗する、に耐える
riot,暴動
wicked,悪意のある、意地の悪い
delegate,（権限・責任など）を委譲［委任］する、を代表として派遣する
mediate,調停する、仲裁する
Mediterranean,地中海（沿岸地域）の
unpleasant,不愉快な、いやな
reintroduce,（動植物など）をかつての分布域に再導入する、（制度など）を復活させる
multiple,多数の、多様な
tremendous,（大きさ、数量、程度などが）途方もない
cordial,心温まる、心からの
outbreak,（戦争・病気・怒りなどの）突発、勃発、発生
bribe,を買収する
exotic,異国風［情緒］の、風変わりな、外来の
obligation,義務、責任
tame,飼いならされた、おとなしい
disconnect,（人）のインターネットへの接続を切る、の接続を絶つ
vulnerable,弱い、傷付きやすい
genius,天賦の才、天才（的な人）
factor,要因、要素
scorn,軽蔑、侮蔑
realistic,現実的な、実際的な
applicant,応募者、志願者
triple,3倍になる、を3倍にする
remote,人里離れた、遠い
marine,海洋の、海の
reform,を改革する、を改善する
strangle,（発展・活動など）を抑圧する、を窒息させる
fatigue,（相当の）疲労
distinct,はっきりと分かる、明らかに異なる
heighten,を高める、を増大させる
obscure,不明瞭な、世に知られていない
incredible,信じられない、驚くほどの
bulb,電球、球根
protest,（に）抗議する、（に）異論を唱える
courtesy,丁重さ、礼儀正しさ
illegal,違法の、非合法の
absence,不在、欠席
decline,減少する、を丁重に断る
depression,うつ病、意気消沈、不景気
résumé,履歴書、要約
random,無作為の、任意の
primitive,（技術が）単純な、原始的な、未開の
scratch,を引っかく
oblige,～せざるを得ない、やむを得ず～する
ignition,（エンジンの）点火装置、点火
medication,（医者が処方した）薬、医療品、薬物治療
fasten,をしっかり留める、を固定する
testament,あかし、証拠
contemplate,～しようと考える、を熟考する
strain,重圧、緊張
heating,暖房(装置)
inherit,（遺伝で）を受け継ぐ、を相続する
rehearsal,（劇・音楽などの）リハーサル、下げいこ
spiritual,精神的な、精神の
bulky,かさばった、扱いにくいほど大きい
nuclear,原子力利用の、核エネルギーの
distribution,分配、配給
frequency,頻度、しばしば起こること
equivalent,相当する、同等の
worsen,悪化する、を悪化させる
concept,概念
robbery,強盗（事件）
foster,を促進する、（里子として）を育てる
broad,（幅の）広い、広範囲な
availability,（入手の）可能性、有用［有効］性
ad,広告
founder,創設者
uncover,（遺跡など）を発掘する、の覆いを取る、を明るみに出す
outstanding,際立った、優れた、未払いの
pierce,に穴を開ける、を突き通す
tremble,震える
substitute,代わり(となるもの[人])
blow,強打、打撃、災難
doom,運命づけられている
submit,を提出する、屈する
loudly,大声で、騒々しく
overrate,過大評価される
despise,を軽蔑する、をひどく嫌う
pharmacy,薬屋、薬局
competence,能力、適格
allergy,アレルギー
lawsuit,（民事）訴訟
feast,祝宴、ごちそう、楽しませてくれるもの
ballot,投票、投票用紙、投票総数
modify,を（部分的に）修正［変更］する、を和らげる
troop,軍隊、兵隊
determine,を決定する、を確定する
grant,助成金、奨学金
statistics,統計（資料）、統計学
enforce,（規則など）を守らせる、を施行する、を強制する
victorious,勝利を得た、勝ち誇った
grasp,を理解する、をしっかりと握る
carve,を彫って作る
bold,大胆な、勇敢な
willing,～するのをいとわない、快く～する
merely,単なる、ただの、単に
argument,議論、口論
setback,（進歩・発展の）妨げ、支障
apprentice,見習い（工）、初心者
mechanical,機械の、機械的な
competitive,競争のある、格安の、競争の
cattle,牛(の群れ)
preparation,準備、支度
era,時代
struggle,(逆境にあって)懸命に努力する、奮闘する
estimate,…と推定する、を見積もる
ironic,皮肉な、反語的な
adore,が大好きである、を敬愛する
on-the-job,実地の、職場での
donate,を寄付する、（臓器・血液）を提供する
expectancy,期待、見込み
sanitation,公衆衛生（学）、下水設備
landfill,ごみ埋め立て地
sphere,範囲、球
impaired,～に障害のある、弱った、損なわれた
copper,銅
stimulate,を刺激する、を激励する
vaccine,ワクチン
improper,不適切な、無作法な
monarch,君主
prompt,迅速な
dye,を～色に染める、を染める、染まる
abruptly,突然に
inject,を注射［注入］する
warranty,保証（書）
ship,を出荷する、を輸送する
pessimistic,悲観的な
gut,腸、消化管、内臓
convince,を説得して～させる、を納得させる
evolution,進化、発展、展開
meditation,瞑想、黙想
risky,危険な
boast,自慢する
propose,を提案する、結婚を申し込む
numerous,非常に数の多い、たくさんの
relay,を伝達する、を取り次ぐ、を中継で送る
conform,従う、一致する
burial,埋葬
post,（インターネットで）（情報・メッセージ）を投稿する、（ビラなど）を張る
mainstream,主流の
inherent,固有の、生来の
honor,を賞賛する、に与える、を尊敬する
undergo,を経験する
harbor,港、避難所
bargain,（売買の）交渉をする
presidential,大統領の［による］、社長の
eligible,資格のある
underlying,潜在的な、根本的な
violate,（法律・協定・約束など）を破る
outline,の要点を述べる、の輪郭を描く
interpret,を解釈する、を通訳する
peer,同僚、仲間、同等［対等］の者
precise,正確な、厳格な
tip,秘訣、チップ
uneasy,不安な、心配な、落ち着かない
mud,ぬかるみ、泥
herd,（牛・羊などの）群れ
expel,を追放する
defensive,防御的な
corrupt,不正な、（道徳的に）堕落した
component,構成部品［部分、要素］
landmark,歴史的建造物、目印、画期的な出来事
tale,（事実・伝説・架空の）話、（文学作品としての）物語
influx,（人・物の）殺到、（水・空気の）流入
brand,ブランド、銘柄
ambassador,大使
insurance,保険
monument,(人・事件などの)記念碑[塔]
inquiry,問い合わせ、質問、調査
designate,を指定する、を任命［指名］する
amazing,驚くべき
retail,を小売りする
subject,被験者、主題、学科
compound,化合物、複合物
obesity,（病的な）肥満
blurry,ぼやけた、不鮮明な
overdue,支払期限を過ぎた、（予定の日時より）遅れた
witness,目撃者、（法廷に立つ）証人
extinction,(家系・種などの)絶滅、消滅
somehow,何とかして、とにかく
dense,（霧・雲などが）濃い、（人・物が）密集した
internal,内部の、内側の、国内の
alongside,～と一緒に、～と並んで
counter,…と反論する、に反対する
halt,を中止する、を停止させる
current,現在の、現代の
crisis,危機、難局
surpass,（範囲・限度など）を超える、に勝る
questionable,疑わしい
empathy,共感、感情移入
affair,事情、事柄、問題
complimentary,無料の、賞賛する
thrill,をわくわく［ぞくぞく］させる
obvious,明らかな
election,選挙
brick,れんが
sophisticated,洗練された、精巧な
discourse,講演、論文
highlight,を強調する、を目立たせる
confess,白状［自白］する、を白状する
coherent,（議論などが）一貫した、筋の通った
overhear,を偶然耳にする
thumb,（手の）親指
invoice,明細請求書、納品書
integral,不可欠な、必要な
seasonal,季節（ごと）の
attentive,注意深い
aid,援助、助けとなる人
detention,拘置、留置
irrational,不合理な
assumption,（確証のない）仮定、想定、思い込み
declare,を宣言する、を断言する
mode,方法、様式
restore,を修復する、を復活させる
binding,拘束力のある、義務を負わせる
means,手段、方法
possession,所有物、財産、所有
drone,ドローン、（無線操作の）無人機
canyon,峡谷
demote,を降格する
negotiate,交渉する、を交渉して取り決める
desperate,絶望的な、強く望んで、必死の
proficient,堪能な、熟達した
quota,割当量［数］、ノルマ
texture,手［肌］触り、感触、食感
contract,契約（書）、請負
longevity,長寿
bureau,（官庁の）局、事務所［局］
warehouse,倉庫
political,政治の、政治に関する
supplementary,補足の、追加の
notorious,悪名高い、有名な
wreck,残骸、難破（船）
pottery,陶器類、焼き物類
complaint,苦情、不平
medieval,中世の
issue,（声明など）を出す、を発行する
tolerant,寛容な、包容力のある
feature,特徴、特集記事
firm,会社、商社
feeble,病弱な、（体が）弱々しい
interpersonal,人間［対人］関係の
visibility,視界、視野、目に見えること
intentionally,故意に、意図的に
assert,…と主張する、を断言する
symptom,症状、兆候
vulgar,下品な、無作法な
comprise,で構成される、を含む、を構成する
esteem,尊敬、尊重
procedure,手順、手続き
recruit,（新会員・新社員など）を募集［勧誘］する
requirement,必要条件、必需品
continent,大陸、（イギリスから見て）ヨーロッパ大陸
gender,（社会的・文化的）性別、ジェンダー
equality,平等
segment,部分、区分
exceptional,例外的に優れた、まれな
aquatic,（動植物が）水生の、水の
accumulate,を蓄積する、を集める
glide,滑らかに動く、音もなく移動する
representative,代表者、代理人
debt,借金、負債、恩義
forbid,を禁じる
abuse,を虐待する、を悪用する
devise,を考案する
tender,柔らかい、優しい
principle,（個人の）主義、信条、原則
profitable,利益になる、有利な
fatal,致命的な、破滅的な
compel,（人）に強いて～させる
prevalent,蔓延している、広くいきわたっている
misery,惨めさ、悲惨さ
workout,運動、（運動競技の）練習
complex,複雑な、複合（体）の
adverse,不利な、反対の
general,全体の、一般的な
redundant,不要な、余分な、（表現などが）冗長な
practice,(社会の)慣習、しきたり、練習、実践
ingredient,材料、成分、要素
command,命令、指図、（外国語など）を自由に使える能力
noticeable,著しい、目立つ
clause,（法律・条約などの）条項、（文の）節
diversity,多様性
irresistible,抵抗できない、非常に魅力的な
reluctant,気が進まない
resume,を再開する
property,不動産、財産、特性
element,（構成）要素、成分
detain,を勾留［留置］する、を引き留める
treaty,（国家間の）条約、協定
virus,ウイルス、ウイルス(性）疾患
costly,費用のかかる、高価な、犠牲［損失、労力］の大きな
breakup,（人間関係の）解消、別れ
nightmare,悪夢、（悪夢のような）恐ろしい経験
per,～につき、～ごとに
correlation,相互［相関］関係
brutal,残酷な、無情な
accompany,と一緒に行く、に付随する
absorb,を吸収する、を熱中させる
disposal,処分、売却
invest,(金など)を投資する
scandal,スキャンダル、不正行為
province,（カナダ・フランス・中国などの）州、県、省
skeptical,懐疑的な
subjective,主観的な
venue,会場、開催地
basement,地階、地下室
edition,（刊行物の）版
extend,を延長する、を伸ばす
rewarding,満足が得られる、報われる
ache,痛む、うずく
elsewhere,どこかほかのところで［に、へ］
mimic,をまねる
vacant,（部屋・座席などが）空いている、使用されていない
media,マスメディア、マスコミ
congestion,混雑、密集
psychology,心理学
expire,（権利などの）期限が切れる、終了する
capture,を捕らえる、を捕虜にする
executive,重役、幹部、経営者
hesitant,ためらいがちな
static,変化［進歩］のない、静的な
successor,後継者、相続人
petty,低級の、心の狭い、取るに足りない
clumsy,不器用な
bid,入札する
union,組合、統合、団結
conspire,陰謀を企てる、共謀する
acquire,（知識・技術など）を習得する
appropriate,適切な
recession,（一時的な）景気後退、不況
transplant,を移植する
punish,を罰する、を懲らしめる
religious,宗教（上）の、信仰があつい
flu,インフルエンザ
domain,範囲、分野、領土
shift,変化、転換、（勤務の）交替
mine,鉱山、地雷
citizenship,市民権、公民権、市民［国民］であること
decent,きちんとした、上品な、一応満足のいく
divert,（注意など）をそらす、を迂回させる
reconcile,を一致［調和］させる、を和解させる
curb,を抑制する、を制御する
mainland,本土
privilege,特権
voluntarily,自発的に
outburst,（火山・怒り・笑いなどの）爆発
trespass,（不法）侵入する、侵害する
certainty,確実性、確信
context,文脈、背景、状況
exhausted,疲れ果てた
knowledgeable,よく知っている、物知りの
omit,を省略する
initial,初めの、語頭にある
embassy,大使館、大使および大使館員
acceptance,受諾、受け取り
calculate,…と計算する、…と判断［予測］する、を計算する
sacred,神聖な、聖なる、宗教的な
humanity,人類
clue,手がかり
adapt,順応する、を適合［適応］させる
unequal,（権利などが）不平等な
Arctic,北極の
paradox,パラドックス、逆説、矛盾
boundary,境界(線)、限界、範囲
transfer,を移す、移る
digestive,消化の
perception,認識、知覚
inevitable,避けられない、必然的な
invasion,侵害、侵入
remarkable,注目に値する、著しい
norm,標準、規範、典型
interact,交流する、互いに影響し合う
striking,著しい、目立つ
effective,効果的な、有効な
perspire,汗をかく
minimal,最小（限度）の
sponsor,に資金を提供する、を後援する
interfere,妨げる、干渉する
betray,を裏切る
experienced,熟練した
evil,邪悪な、有害な
drought,干ばつ、日照り
bay,入江、湾
slack,たるんだ、（商売などが）不活発な
hostile,敵意のある、不都合な
tribe,部族、種族
chore,雑用、家事、いやな仕事
legislation,法律、立法
tactics,戦術、戦法
entrust,AにBを任せる
wealth,財産、富、豊富
universal,（あらゆる人に）共通の、全員の、普遍的な
resilient,回復力のある、弾力（性）のある
reminder,思い出させるもの、記念物[品]
scatter,をまき散らす、を追い散らす
eager,熱望して、熱心な
pillar,柱、支柱
moisture,湿気、（水）蒸気、水分
predict,を予測する、を予言する
desirable,望ましい
confer,（賞・学位・栄誉・権利など）を授与する
concentration,濃度、集中、専念
raw,生の、未加工の
knot,結び目、結び方
fundamental,基本的な、必須の
adopt,（考え・方法など）を採用する、を養子にする
nutrient,栄養分、栄養になるもの
circulation,発行部数、循環、流布
expertise,専門的知識［技術、意見］
attempt,試み、企て、努力
perilous,とても危険な
particle,微粒子、小片
barely,かろうじて、ほとんど…ない
favorable,好意的な、好ましい
conservation,（動植物・森林などの）保護、（建物・文化遺産などの）保存
plentiful,豊富な、十分な
persuasive,説得力のある
accelerate,（を）加速する、を促進する
expense,費用、（必要）経費
reptile,爬虫類（動物）
petition,請願（書）、嘆願（書）
relieve,(苦痛など)を和らげる、(問題など)を軽くする
occupy,(国・町など)を占領する、(空間・時間)を占める
heed,（助言・警告など）に注意する
contempt,軽蔑、侮蔑
placement,（就職先、学校、里親などの）斡旋、配置
itinerary,旅行の日程、旅行計画
eject,を取り出す、を追い出す
edible,食用の、(毒性がなくて)食べられる
elite,えり抜きの、エリートの
technically,厳密に（言えば）、専門［技術］的に
evaluate,を評価する
overhaul,（システムなど）を総点検する、を分解修理する
handout,（講演・授業などの）配布物、プリント
thrive,成功する、繫栄する
prisoner,囚人
smoothly,順調に、スムーズに、滑らかに
bounce,跳ね返る、弾む
swallow,（飲食物など）を飲み込む
nosy,詮索好きな、おせっかいな
bare,露出した、裸の
architect,建築家、設計者
confirm,を確認する
prey,獲物、えじき
deal,対処する、扱う、商う
racism,人種差別（主義［政策］）
subsidize,に補助金［助成金］を支給する
graze,（家畜などが）牧草を食べる
secure,安全な、確かな
disabled,身体［心身］障害の
renew,を再開する、を更新する
satellite,人工衛星、衛星
bewilder,当惑する
intact,損なわれていない、手をつけられていない
pit,穴、くぼみ
committee,委員会
duty,仕事、義務、責任
steep,（傾斜が）急な
contemporary,現代の、現代的な、同時代の
cliff,崖、絶壁
tragic,悲惨な、悲劇的な
peculiar,変な、特有の
preference,ほかより好むこと、好み
sympathize,同情する
commercial,商業（上）の、営利的な
soil,土、国、国土
overly,あまりに、過度に
accuracy,正確さ、的確さ
offensive,不快な、攻撃的な
affordable,手ごろな、安価な
dose,（薬の１回の）服用量
toxic,有毒な、中毒（性）の
conditional,～しだいの、条件付きの
experimental,実験の、実験［試験］的な
long-term,長期にわたる、長期的な
originate,由来する、生じる、始まる
deposit,内金、頭金、預金（額）
landscape,眺め、風景、景色
refugee,難民、亡命者
ease,を和らげる、を緩和する
explosion,爆発、急激な増加
meantime,その間
accent,なまり、方言
replacement,交換、交替、代わりの人[もの]
analyze,を分析する
purchase,を買う
bankrupt,（法律上）破産宣告を受けた
abandon,を捨てる、を放棄する
overestimate,を過大に評価する［見積もる］
inferior,劣悪な、劣った
abridged,簡約［短縮］された
kidney,腎臓
spoil,を台無しにする、を甘やかす
uphold,を支持する、を確認する
council,（地方自治体の）議会、評議会、会議
outsider,部外者、門外漢
bundle,束、包み
beneath,～の下に［の］
merit,価値、優秀さ、長所
browse,（商品など）を見て歩く、拾い読みする
dizzy,めまいがする、くらくらする
chill,（食べ物・飲み物など）を冷やす、冷える
unconditional,無条件の、絶対的な
leave,休暇
enroll,入学［入会、入隊］する、登録する
duration,持続［継続］期間、（時間の）継続
rotate,回転する、循環する、を回転させる
compress,を要約する、を短縮する、を圧縮して詰め込む
starve,餓死する、飢える
coverage,報道、（保険の）補償範囲、適用範囲
leak,（秘密など）を漏らす、（液体・気体など）を漏らす、漏れる
legacy,遺産
ultimate,最終の、究極の
sacrifice,犠牲
scrape,（泥・ペンキ・さびなど）をこすり取る、の表面をこする
proceed,向かう、先へ進む
needle,針、縫い針、編み針
economical,経済的な、安上がりな
scholarship,奨学金、学識
oppression,抑圧、虐待
beneficial,有益な、有利な
unauthorized,権限のない、（公的に）認可されていない
lottery,宝くじ、抽選
withdraw,を引き出す、撤退する
distress,苦悩、苦痛
fluid,液体、流動体
retreat,引っ込む、退く
pretend,のつもりになる、～するふりをする
uproar,大騒ぎ、騒動
shortage,不足、欠如
glacier,氷河
navigate,（船舶、航空機など）（を）操舵［操縦］する
tissue,(動植物の細胞の)組織、ティッシュペーパー
maximize,を最大限にする
appliance,（特に家庭用の）器具
tedious,退屈な
currency,通貨、普及
independence,独立、自立
inaccurate,不正確な、誤りのある
obey,に服従する、（命令・規則など）に従う
testimony,証言、証拠
crawl,（人、虫などが）はって進む、はう
aggressive,攻撃的な
ethical,倫理（上）の、道徳の
ration,（食料・物資などの）割当（量）
contrast,対照、対比、差異
inadequate,不十分な、不適当な
investigation,(詳しい)調査、研究
deteriorate,（状況・質などが）悪化する
bug,（小さな）虫、昆虫
deflect,（人の注意・非難など）をそらす、の方向を変えさせる
dweller,居住者
fit,健康な、元気な、ふさわしい
dull,退屈な、頭が鈍い
dispute,論争
grind,を粉にひく、を研ぐ
downturn,（景気などの）下降（状態）
impulse,衝動
deed,（意図的な）行為、行い
category,部類、区分
triumph,（大）勝利、成功
fate,運命、（最終的な）結末
commute,通学する、通勤する
suspect,…ではないかと思う、を疑わしく思う
colonize,を植民地化する、を入植させる
utilize,を（効果的に）利用する
manner,方法、風習、行儀、作法
lessen,を減らす
layer,層、重なり
dismiss,を解雇する、（意見など）を退ける
disguise,を変装させる
critic,批判する人、批評家
forge,（関係・友情など）を築く、を結ぶ、（文書・貨幣など）を偽造する
prescription,処方箋、処方
overtake,を追い越す、に追いつく、を上回る
alert,油断のない
trait,特徴、特色
alter,を変える、変わる
outdated,時代［流行］遅れの、旧式の
cell,細胞、(独)房、電池
straightforward,率直な、単純な
dejected,落胆した、元気のない
observer,監視員、観察者
disrupt,を混乱させる、を中断させる
faculty,（大学・学部の）教授陣、学部、才能、能力
characteristic,特徴
confine,を限定する、を閉じ込める
populate,に住みつく
certificate,証明書、保証書
altitude,高度、高地
waterfall,滝
voucher,クーポン券、商品券
spacious,広々とした
faith,信仰［心］、信用
usage,使用、使い方
hospitality,親切なもてなし、歓待
analogy,類似（点）
wheelchair,車椅子
master,修士
verbal,口頭での、言葉の［に関する］
awkward,ばつの悪い、気まずい、ぎこちない
trunk,（木の）幹、（象の）鼻、（自動車の）トランク
relocate,（住居、事務所、住民など）を移転［移動］させる
renovate,を改修［改築］する
imitate,をまねる、を見習う
coordinator,コーディネーター、取りまとめ役、責任者
mammal,哺乳動物
litter,（場所）を散らかす
sincerity,誠実
seize,を差し押さえる、をつかむ、を奪い取る
flexible,融通［調整］のきく、柔軟性のある
update,を最新のものにする、をアップデートする
defeat,を負かす、を打ち破る
tap,（水道などの）蛇口
constantly,絶えず、常に
bride,花嫁、新婦
theory,理論、原理、学説
guarantee,を保証する、を確約する
allied,連合の、同盟を結んだ
coral,サンゴ(製)の
soak,（雨・汗などが）ずぶ濡れにする、を（液体に）浸す
therapy,療法、治療、セラピー
ripe,（果物・穀物が）熟した、実った
pile,を大量に積む、を積み重ねる、積み重なる
inhabitant,居住者、住民
liver,肝臓、（食用の）レバー
flaw,欠点、傷、ひび
informative,有益な、情報［知識］を提供する
eliminate,を取り除く、を外す
educator,教育者、教師
assess,を査定する、を評価する
incident,(反乱・戦争などの)事件、騒動
inequality,不平等
boost,を増加させる、を高める
lengthy,長い、長時間の
respondent,（調査・アンケートなどの）回答者
yield,を産出する、（権利など）を譲る、屈する
obtain,を手に入れる、を獲得する
approve,（を）承認する、（を）認可する
repetitive,繰り返しの
genetic,遺伝子の
aging,高齢化が進む、老朽化している
unfold,（真相などが）明らかになる、を明らかにする
craft,工芸品、（手先でする）作業
junk,がらくた、つまらないもの
harass,を絶えず悩ます、を苦しめる
indifferent,無関心な
condo,分譲マンション
rigid,厳格な、曲がらない
affiliate,を提携させる、を合併する
fabricate,をでっち上げる、を組み立てる
fine,に罰金を科す
prejudice,偏見、先入観
frantic,大急ぎの、気が狂いそうな
conceal,を隠す
assault,を攻撃する、を非難する
comparable,匹敵する、同様の
man-made,（物質などが）合成の、人工の
budget,予算（案）、経費
breed,品種、種類
unexpected,思いがけない
continuously,継続して、連続して
severe,（天候・障害などが）ひどい、深刻な（人・規律などが）厳格な
upcoming,やがて起ころう［現れよう］としている、来るべき
sticky,ねばねばの、粘着性のある
exemption,（義務・責任などの）免除
outweigh,より価値がある、より重い
endangered,（動植物が）絶滅の危機にある
permission,許可、承認
fictional,架空の、フィクションの
unsafe,安全でない、危険な
unite,団結する、を一体化する
moral,道徳（上）の、倫理的な
imaginary,想像上の、架空の
discard,を捨てる、を放棄する
staple,主要な、重要な
inspection,検査、点検
drawback,欠点、不利な点
bachelor,独身の男性、学士
ownership,所有権、所有者であること
sewage,汚水、下水
rural,田舎の、田園（生活）の
dump,を投棄する、をどさっと降ろす、を見捨てる
organizer,主催者、まとめ役、幹事
distract,（注意、心など）をそらす、を散らす
comprehensive,包括的な、広範囲にわたる
formulate,（計画など）を（注意深く）まとめる、を明確に述べる
latest,最新の、最近の
radical,根本的な、急進的な
ritual,儀式
immediate,即座の、目下の
fetch,を（行って）持ってくる、を連れてくる
protein,タンパク質
migrate,移住する、（鳥などが）周期的に移動する
swift,素早い、即座の
phenomenon,現象、事象
rebound,（ボールなどが）跳ね返る
gradual,徐々の、（傾斜の）なだらかな
integrate,を統合［統一］する
destination,（旅行などの）目的地、行き先
disorder,障害、病気、混乱、無秩序
tumble,転倒、（株価などの）暴落
devote,（努力・時間など）を捧げる、に専念する
fancy,高級な、装飾的な
vital,必要不可欠な
strengthen,を（より）強くする
biologist,生物学者
enact,（法案）を制定する、を通過させる
incentive,動機、誘因
evacuate,を避難させる、から立ち退く
weary,疲れ果てた、うんざりした
contribution,貢献、寄付（金）
beforehand,前もって、あらかじめ
temporary,一時的な、臨時の
automatic,自動の
related,関連した、関係のある
transmit,を送る、を伝える
efficient,効率的な、有能な
motive,動機、誘因
monitor,を監視する
sufferer,苦しむ人、被災者、病人
sustain,を持続させる、を支える
inclination,意向、願望、好み
presence,存在、出席
conflict,衝突、論争
boundless,無限の
exaggerate,を誇張する、を強調しすぎる
poll,世論調査、投票（数）、投票所
twist,を捻挫する、をひねる
wrinkle,（顔など）にしわを寄せる、（衣服など）にしわを作る
attendance,出席［入場］者数、出席
entire,全体の、全部の
detach,を分離する、を取り外す
shriek,悲鳴を上げる、甲高い声［音］を出す
vomit,吐く、もどす
gloomy,薄暗い、陰気な
fertile,（土地などが）肥沃な
crust,地殻、パンの耳、（動物の）甲殻
plot,小区画（の土地）、陰謀、（小説などの）筋
sustainable,持続できる、維持できる
rust,さび
mature,（精神的・肉体的に）十分発達した、成熟した
scarce,十分でない、乏しい
annoy,をいらいらさせる、を悩ます
drown,溺れ死ぬ、を溺死させる
decisive,決定的な、断固たる
subtle,微妙な、かすかな
detect,を感知する、を見つける
awareness,認識、意識
routine,日課、決まり切った仕事
coworker,同僚、仕事仲間
organ,（動植物の）臓器、器官
persecution,迫害
reference,言及、参照
productivity,生産性
reschedule,の日時を変更する
shrink,縮む、減る
biographical,伝記の
considerate,思いやりのある
acid,酸っぱい、酸性の、皮肉な
puncture,（タイヤ）をパンクさせる、に穴をあける
precede,に先行する
bullet,銃弾、弾丸
discourage,に思いとどまらせる、を落胆させる
autopsy,検死
filthy,汚い、不潔な
outcome,結果
prohibit,を禁止する
district,（ある特色を持った）地域、地方
menace,困りもの、危険人物、脅威
recede,後退する、退く
procession,（儀式などの）行列、行進
revise,(法律など)を改正する、(印刷物)を改訂する、を校訂する
accordingly,それ相応に、従って、そんなわけで
regret,を後悔する、を遺憾に思う
cynical,懐疑的な、皮肉な
pale,（人・顔色などが）青白い、血の気を失った、（色が）淡い、薄い
associate,を結びつけて考える、交際する
waver,（心が）揺れ動く、迷う
degrade,の面目を失わせる、の質［価値］を低下させる
blaze,炎、強い輝き
legend,伝説、言い伝え、伝説的な人物
impassable,（道・川などが）通行できない、（困難・障害などが）克服できない
cheery,陽気な、元気な
arrogant,傲慢な、尊大な
ambitious,（計画などが）野心的な、（人が）大志を抱いた
dirt,汚れ、泥、ほこり
publication,出版（物）、発行
significant,重要な、意味のある
wage,賃金、給料
cumulative,累積する、しだいに増大する
grassland,牧草地、草原
content,コンテンツ、中身、内容、目次
deforestation,森林破壊［伐採］
wisdom,知恵、賢明さ
grip,をしっかりつかむ
daring,大胆な、勇敢な
camel,ラクダ、黄褐色
relatively,比較的（に）、相対的に
sane,（考え方などが）健全な、分別のある、正気の
complicate,を複雑にする
mislead,に誤った考えを持たせる、を欺く
strictly,厳格に、厳しく
cargo,（主に船・飛行機の）積荷、貨物
antique,骨董の、時代遅れの
outnumber,より数で勝る
fuel,燃料
authority,（関係）当局、権威、権限、権威者
socialize,（社交的に）交際する
discontent,不満
gracious,親切な、丁寧な
reunion,再会の集い、再会
draft,下書き、草稿
orbit,軌道
discomfort,不快、不便
sensation,漠然とした感じ、感覚、大騒ぎ
developer,宅地造成業者、開発者
fabric,布、織物、構造、組織
sprain,（足首・手首など）をくじく、を捻挫する
soar,（物価・価値・数値などが）急上昇する、空高く飛ぶ
reconstruct,を再建する、を改変する
antioxidant,抗酸化物質、酸化防止剤
immune,免疫の、免疫を持つ、免疫された、影響されない
intersection,（道路の）交差点
nowhere,どの場所も～ない
athletics,スポーツ、運動競技
wildlife,野生動物
novel,斬新な、目新しい
figure,人物、数字、体系、図表
dictator,独裁者、専制君主
ban,禁止（令）
diabetes,糖尿病
hollow,空洞の、中が空っぽの
series,連続、一続き
accounting,経理、会計（学）
uneven,でこぼこな、平らでない
terrific,素晴らしい、すてきな
radiation,放射線、放射
emphasize,を強調する
hydrogen,水素
aircraft,航空機、飛行機
germ,細菌、病原菌
murder,殺人
millennium,（西暦元年から数えて）1000年（間）、千年祭
inappropriate,ふさわしくない、不適当な
bond,きずな、債券、契約
fire,を解雇する、を首にする
summit,（先進国）首脳会議、サミット、（山などの）頂上
oath,誓い、誓約
quarter,4分の1、（都市の特定の）地区、四半期
inflammation,炎症、点火、引火
resign,辞職する、辞任する
poverty,貧困、欠乏
transaction,（商）取引、（業務・取引などの）処理
surplus,余剰、余分、黒字
unpredictable,変わりやすい、予測できない
capable,有能な、能力［才能］がある
nerve,度胸、神経
acceptable,受け入れられる、容認できる
frustrate,に不満を抱かせる、を挫折させる
extreme,極端な、過激な、急進的な
saving,節約、倹約、預金（額）、蓄え
region,地域、地方
modernization,近代化、現代化、最新式化
courthouse,裁判所（の建物）
arouse,（感情・行為など）を刺激する、引き起こす
survival,生き残ること、生き延びること
livelihood,生計、生活手段
minor,小さい、重要でない
liberate,を解放する
immigrant,（外国からの）移住者、移民
status,地位、身分、高い社会的地位
rotten,（食べ物などが）腐った、（道徳的に）腐敗した
reveal,…と明らかにする、(秘密など)を暴露する
fade,(記憶などが徐々に)消えていく、(色が)あせる
urgent,に熱心に勧める
caution,用心、注意、警戒、警告
compartment,(列車・客室などの)コンパートメント、(仕切った)区画[部屋]
exploration,探検、調査
prosperity,繁栄、繁盛
dock,埠頭、波止場、（艦船の）ドック
faint,（光・音・においなどが）かすかな
owe,AはBのおかげである、AはB（責任など）を負っている、AにB（金など）を借りている
intelligent,知能の高い、利口な
crave,（を）切望する
raid,（警察が）に手入れを行う、（軍隊が）を襲撃する
stable,安定した
bystander,傍観者
equip,に装備する
cooperate,協力する
gaze,じっと見る
surrender,降伏する、を放棄する
ongoing,継続している、進行中の
cuisine,（国・地方の特徴を出した）料理、料理法
adequate,（ちょうど）十分な、ふさわしい
cowardly,卑怯な、臆病な
profession,（主に知的な）職業
stock,在庫品、蓄え、株式
conduct,を実施する、を遂行する
accommodate,を収容できる、を宿泊させる
inconvenient,不便な、不都合な
proclaim,を宣言する
paperwork,（必要）書類、書類事務
convert,（建物）を改造する、（形、用途など）を変える
hybrid,(動植物の)雑種、混成物、ハイブリッド車
propel,を進ませる、（人）を駆り立てる
correspondence,通信、一致
servant,（特に住み込みの）使用人、召使
hazard,危険（なもの）
fragrance,芳香
military,軍隊の、軍人の
inmate,（刑務所などの）収容者、入院患者
deserve,に値する
invaluable,極めて貴重［高価］な
novel,筋の通った、分別のある、(値段などが)手ごろな
provoke,を怒らせる、を引き起こす
jar,（広口の）びん、つぼ
enlist,入隊する、参加する、（支持・協力）を得る
mere,ほんの、単なる
journal,（専門）雑誌、日刊［週刊］新聞
colleague,（職場の）同僚
publicity,一般に知れ渡ること、評判、宣伝
civil,（軍人・官吏に対して）民間の、一般市民の
organism,有機物、生物
prevail,流布している、打ち勝つ
contradict,と矛盾する、に反駁する
essential,必要不可欠な、非常に重要
dairy,ミルクから作られる、酪農の
stale,（パンなどが）堅くなった、鮮度の落ちた、陳腐な
restrain,を制止する、を抑制する
forthcoming,来るべき
expand,を拡大[拡張]する
remodel,を改装する、を改造する
account,（銀行）口座、勘定、説明
unrest,（社会的な）混乱、不安、（心の）動揺
port,港
respiratory,呼吸器に関する、呼吸の
apprehension,不安、懸念
pioneer,先駆者、草分け、（未開拓地の）開拓者
acknowledge,…と認める
immeasurable,計り知れない、果てしない、広大な
vessel,（比較的大型の）船、容器
ample,十分な、豊富な、広大な
foe,敵
witty,機知に富んだ
vice,悪習、悪
superstitious,迷信深い、迷信の
intellectual,知的な、知性の
pathway,小道、細道
brochure,パンフレット、小冊子
finite,有限の、限られた
pollute,を汚染する
practical,実践的な、実際的な
finance,金融、財政（学）
impractical,実用的でない、非現実的な
summon,を呼び出す、を召喚する、（議会など）を招集する
folk,民間（起源）の、民衆の
species,種、種類
supreme,最高の、至高の
clutch,をぐっとつかむ
nonetheless,それにもかかわらず
worthwhile,（時間・労力・金をかける）価値のある
division,不和、分割、部門、仕切り
incorporate,を取り［組み］入れる
likewise,同じように
perpetual,絶え間ない、永遠の
discrimination,差別
intrigue,の興味をそそる
classify,を分類する、を等級分けする
excessive,過度の、法外な
beverage,（水以外の）飲み物
embrace,を抱擁する、を（喜んで）受け入れる
horrify,を怖がらせる、に衝撃を与える
lodge,（苦情・抗議など）を申し出る、を預ける、を泊める
export,を輸出する
electrical,電気の、電気を吸う
mingle,付き合う、仲間に入る、混ざる
trace,跡、形跡
durable,長持ちする、丈夫な
savage,残酷な、凶暴な
formation,形成、構成（物）
emission,排気、放出（物）
transform,を大きく変える
dispatch,を急送［急派］する
admirable,賞賛に値する、素晴らしい
sweep,（ある地域）に広がる、（床・部屋など）を掃く
burst,破裂する、爆発する
dependency,依存、従属
address,（問題など）を扱う、に話しかける
identify,を（同一であると）確認する
reproduce,を複製する、を繁殖させる、を再現する
sour,酸っぱい
disadvantaged,（経済的・社会的に）恵まれない
creature,生き物、（特に人間以外の）動物
controversy,（長期の）論争、論戦
redeem,（失敗・欠点など）を補う、を埋め合わせる
establishment,設立、制定、組織
deadly,致命的な、命に関わる
epidemic,（病気などが）流行［伝染］性の、流行の
proportional,釣り合った、比例した
simmer,（煮立たない程度に）ことこと煮える
vigorous,（運動などが）激しい、（行為・手段などが）精力的な、（人が）活力のある
dozen,12（個）、1ダース
stubborn,頑固な
frankly,率直に、正直に
serene,穏やかな、平静な
momentum,勢い、はずみ
extravagant,浪費する、（要求などが）過度な
grief,（死などに対する）深い悲しみ、悲痛
hasty,急ぎの、早まった
soul,魂、精神
burglar,強盗、泥棒
priority,優先（権）
anthropologist,人類学者
occasionally,ときどき
assignment,任務、宿題、割り当て
recall,を思い出す、（商品など）を回収する
smash,（粉々に）壊れる、を粉々に打ち壊す
addiction,依存
patch,小区画の土地、継ぎ
hover,（鳥・昆虫・ヘリコプターなどが）空中（の一点）に止まる
approximately,おおよそ、ほぼ
overall,全体[全般]的な、総合的な
invalid,（法的に）無効な
roughly,おおよそ、乱暴に
incidence,発生（率）
plural,複数の、2つ［2人］以上の、複数形の
confident,確信して、自信に満ちた
rivalry,ライバル意識、競争
refine,に磨きをかける、を洗練する、を精製する
whereas,～であるのに、～に反して
fierce,どう猛な、激しい
notify,に知らせる
fountain,噴水、源泉、湧き水
potential,潜在的な、可能性を秘めた
sinister,邪悪な、不吉な
rash,早まった、軽率な
objective,目的、目標
illustrate,を説明する、を例示する
innovation,（技術）革新、新機軸
minister,大臣
decade,10年間
collapse,（建物などが）崩れ落ちる、（人が）倒れる
implement,を実行する
scale,規模、程度
external,外部の、外（側）の
plague,（人）を絶えず悩ます、（病気・災難などが）を苦しめる
sanction,制裁（措置）、認可
closure,(工場・学校などの)閉鎖
retain,を保持する
genome,ゲノム
mellow,（性格が）円熟した、やわらかで豊かな［美しい］
outcast,見捨てられた人、浮浪者
peasant,（発展途上国などの）小作人、貧農
appetite,食欲、欲求
substantial,(数量などが)かなりの、重要な、実質的な
concrete,具体的な、明確な、コンクリート製の
discipline,を罰する、を訓練する
welfare,福祉、生活保護
sibling,兄弟姉妹（の1人）
trial,裁判、試験、試み
enthusiasm,熱狂、熱中
wilderness,荒れ地、荒野
barren,不毛の、作物ができない
compliment,賛辞
consent,同意
offset,を相殺する、を埋め合わせる
exclusive,高級な、排他的な
intermediate,（程度が）中級の
microbe,微生物、細菌
prospect,見込み、見通し、期待
kidnap,を誘拐する
arrangement,準備、配置、取り決め
hectic,やたらと忙しい
voyage,（ゆったりした長い）旅、船旅
vicious,悪意［敵意］のある、乱暴な
dread,不安、恐れ
existence,存在、生存
molecule,分子、微粒子
cheat,（試験で）カンニングをする、をだます
divorce,離婚、（完全な）分離
qualified,有能な、適任の、資格のある
dimension,局面、寸法、規模、次元
retrieve,を取り戻す、を回復する
relevant,関連[関係]がある
dedicate,を捧げる
crew,（船の）乗組員、（飛行機・列車などの）乗務員
eventually,ついに（は）、結局（は）
blame,のせいにする、を非難する、の責任を負わせる
tailor,を合わせて作る
deflate,（タイヤ・風船などが）しぼむ、をしぼませる
gratify,を喜ばせる、を満足させる
proponent,支持者
simultaneous,同時に起こる
venture,冒険的事業、ベンチャー事業
drain,排水管[路]、排水口
disclose,を明らかにする、を暴露する
sway,（ゆっくりと）揺れる、動揺する
unaware,気づかないで、知らないで
exposure,身をさらすこと、暴露
anarchy,無秩序、無政府状態
interval,（時間の）間隔、合間
slope,坂、斜面
descendant,子孫
pursue,を追跡する、を追求する
alien,異質の、外国の
stream,小川
auditorium,(学校の)講堂、公会堂
repay,を返済する
threat,脅威、脅し
unfairly,不当に、不公平に
regulation,規則、規制
harsh,厳しい、粗い
spot,（特定の）場所、斑点、しみ
well-being,健康、幸福
overlook,を大目に見る、を無視する、を見落とす
